id,user_type/id,type,reconcile,nocreate,parent_id/id,code,name
megis-oe.a_root,account.data_account_type_view,View,False,False,,0,GOOIMEER  STANDAARD GROOTBOEKSCHEMA
megis-oe.a_0,account.data_account_type_view,View,False,False,megis-oe.a_root,RUBRIEK 0,"VASTE ACTIVA, EIGEN VERMOGEN, LANGLOPEND VREEMD VERMOGEN EN VOORZIENINGEN"
megis-oe.a_1,account.data_account_type_view,View,False,False,megis-oe.a_root,RUBRIEK 1,"FINANCIELE REKENINGEN, KORTLOPENDE VORDERINGEN EN SCHULDEN"
megis-oe.a_2,account.data_account_type_view,View,False,False,megis-oe.a_root,RUBRIEK 2,TUSSENREKENINGEN
megis-oe.a_3,account.data_account_type_view,View,False,False,megis-oe.a_root,RUBRIEK 3,ONDERHANDEN WERK
megis-oe.a_4,account.data_account_type_view,View,False,False,megis-oe.a_root,RUBRIEK 4,KOSTENREKENINGEN
megis-oe.a_5,account.data_account_type_view,View,False,False,megis-oe.a_root,RUBRIEK 5,INDIRECTE KOSTEN
megis-oe.a_6,account.data_account_type_view,View,False,False,megis-oe.a_root,RUBRIEK 6,FABRIKAGEREKENINGEN
megis-oe.a_7,account.data_account_type_view,View,False,False,megis-oe.a_root,RUBRIEK 7,KOSTEN VAN DE OMZET
megis-oe.a_8,account.data_account_type_view,View,False,False,megis-oe.a_root,RUBRIEK 8,VERKOOPRESULTATEN
megis-oe.a_9,account.data_account_type_view,View,False,False,megis-oe.a_root,RUBRIEK 9,OVERIGE RESULTATEN
megis-oe.a_00,account.data_account_type_view,View,False,False,megis-oe.a_0,00,IMMATERIELE ACTIVA
megis-oe.a_0010,account.data_account_type_asset,Regular,False,False,megis-oe.a_00,0010,Aanschafwaarde Goodwill
megis-oe.a_0011,account.data_account_type_asset,Regular,False,False,megis-oe.a_00,0011,Afschrijving Goodwill
megis-oe.a_01,account.data_account_type_view,View,False,False,megis-oe.a_0,01,ONROERENDE GOEDEREN
megis-oe.a_0100,account.data_account_type_asset,Regular,False,False,megis-oe.a_01,0100,Aanschafwaarde Verbouwingen
megis-oe.a_0101,account.data_account_type_asset,Regular,False,False,megis-oe.a_01,0101,Afschrijving Verbouwingen
megis-oe.a_02,account.data_account_type_view,View,False,False,megis-oe.a_0,02,COMPUTER HARD-/SOFTWARE & INVENTARIS
megis-oe.a_020,account.data_account_type_view,View,False,False,megis-oe.a_02,020,SOFTWARE
megis-oe.a_0200,account.data_account_type_asset,Regular,False,False,megis-oe.a_020,0200,Aanschafwaarde Software
megis-oe.a_0201,account.data_account_type_asset,Regular,False,False,megis-oe.a_020,0201,Afschrijving Software
megis-oe.a_023,account.data_account_type_view,View,False,False,megis-oe.a_02,023,HARDWARE
megis-oe.a_0230,account.data_account_type_asset,Regular,False,False,megis-oe.a_023,0230,Aanschafwaarde Hardware
megis-oe.a_0231,account.data_account_type_asset,Regular,False,False,megis-oe.a_023,0231,Afschrijving Hardware
megis-oe.a_026,account.data_account_type_view,View,False,False,megis-oe.a_02,026,INVENTARIS
megis-oe.a_0260,account.data_account_type_asset,Regular,False,False,megis-oe.a_026,0260,Aanschafwaarde Inventaris
megis-oe.a_0261,account.data_account_type_asset,Regular,False,False,megis-oe.a_026,0261,Afschrijving Inventaris
megis-oe.a_03,account.data_account_type_view,View,False,False,megis-oe.a_0,03,VERVOERMIDDELEN
megis-oe.a_0300,account.data_account_type_asset,Regular,False,False,megis-oe.a_03,0300,Aanschafwaarde Vervoermiddelen
megis-oe.a_0301,account.data_account_type_asset,Regular,False,False,megis-oe.a_03,0301,Afschrijving Vervoermiddelen
megis-oe.a_05,account.data_account_type_view,View,False,False,megis-oe.a_0,05,FINANCIELE VASTE ACTIVA EN LANGLOPENDE VORDERINGEN
megis-oe.a_050,account.data_account_type_view,View,False,False,megis-oe.a_05,050,FINANCIELE VASTE ACTIVA
megis-oe.a_0500,account.data_account_type_asset,Regular,False,False,megis-oe.a_050,0500,Meerderheidsdeelnemingen
megis-oe.a_0510,account.data_account_type_asset,Regular,False,False,megis-oe.a_050,0510,Minderheidsdeelnemingen
megis-oe.a_055,account.data_account_type_view,View,False,False,megis-oe.a_05,055,LANGLOPENDE VORDERINGEN
megis-oe.a_0550,account.data_account_type_asset,Regular,False,False,megis-oe.a_055,0550,Vorderingen op deelnemingen
megis-oe.a_0565,account.data_account_type_asset,Regular,False,False,megis-oe.a_055,0565,Leningen u/g 1
megis-oe.a_0566,account.data_account_type_asset,Regular,False,False,megis-oe.a_055,0566,Leningen u/g 2
megis-oe.a_0567,account.data_account_type_asset,Regular,False,False,megis-oe.a_055,0567,Leningen u/g 3
megis-oe.a_0568,account.data_account_type_asset,Regular,False,False,megis-oe.a_055,0568,Leningen u/g 4
megis-oe.a_0569,account.data_account_type_asset,Regular,False,False,megis-oe.a_055,0569,Leningen u/g 5
megis-oe.a_0570,account.data_account_type_asset,Regular,False,False,megis-oe.a_055,0570,Waarborgsommen
megis-oe.a_0580,account.data_account_type_asset,Regular,False,False,megis-oe.a_055,0580,Financieringskosten
megis-oe.a_0581,account.data_account_type_asset,Regular,False,False,megis-oe.a_055,0581,Financieringskosten huurkoop
megis-oe.a_06,account.data_account_type_view,View,False,False,megis-oe.a_0,06,EIGEN VERMOGEN
megis-oe.a_0600,megis-oe.user_type_equity,Regular,False,False,megis-oe.a_06,0600,Aandelenkapitaal
megis-oe.a_0606,megis-oe.user_type_equity,Regular,False,False,megis-oe.a_06,0606,Wettelijke reserves
megis-oe.a_0607,megis-oe.user_type_equity,Regular,False,False,megis-oe.a_06,0607,Overige reserves
megis-oe.a_07,account.data_account_type_view,View,False,False,megis-oe.a_0,07,VOORZIENINGEN
megis-oe.a_0700,megis-oe.user_type_equity,Regular,False,False,megis-oe.a_07,0700,Pensioenverplichtingen
megis-oe.a_0703,megis-oe.user_type_equity,Regular,False,False,megis-oe.a_07,0703,Stamrechtverplichtingen
megis-oe.a_0711,megis-oe.user_type_equity,Regular,False,False,megis-oe.a_07,0711,Assurantie eigen risico
megis-oe.a_0712,megis-oe.user_type_equity,Regular,False,False,megis-oe.a_07,0712,Garantieverplichtingen
megis-oe.a_0720,megis-oe.user_type_equity,Regular,False,False,megis-oe.a_07,0720,Voorziening deelnemingen
megis-oe.a_0750,megis-oe.user_type_equity,Regular,False,False,megis-oe.a_07,0750,Latente belastingverpl.
megis-oe.a_08,account.data_account_type_view,View,False,False,megis-oe.a_0,08,LANGLOPENDE SCHULDEN EN AFLOSSINGEN
megis-oe.a_080,account.data_account_type_view,View,False,False,megis-oe.a_08,080,LANGLOPENDE SCHULDEN
megis-oe.a_0820,account.data_account_type_liability,Regular,False,False,megis-oe.a_080,0820,Leningen o/g 1
megis-oe.a_0821,account.data_account_type_liability,Regular,False,False,megis-oe.a_080,0821,Leningen o/g 2
megis-oe.a_0830,account.data_account_type_liability,Regular,False,False,megis-oe.a_080,0830,Huurkoopverplichtingen
megis-oe.a_0840,account.data_account_type_liability,Regular,False,False,megis-oe.a_080,0840,Lease-verplichtingen
megis-oe.a_0850,account.data_account_type_liability,Regular,False,False,megis-oe.a_080,0850,Rekening-courant directie
megis-oe.a_086,account.data_account_type_view,View,False,False,megis-oe.a_08,086,AFLOSSINGEN
megis-oe.a_0860,account.data_account_type_liability,Regular,False,False,megis-oe.a_086,0860,Lease-verplichtingen
megis-oe.a_0861,account.data_account_type_liability,Regular,False,False,megis-oe.a_086,0861,Huurkoopverplichtingen
megis-oe.a_10,account.data_account_type_view,View,False,False,megis-oe.a_1,10,LIQUIDE MIDDELEN
megis-oe.a_1000,account.data_account_type_cash,Regular,False,False,megis-oe.a_10,1000,Kas
megis-oe.a_1002,account.data_account_type_cash,Regular,False,False,megis-oe.a_10,1002,Bank
megis-oe.a_1020,account.data_account_type_cash,Regular,False,False,megis-oe.a_10,1020,Kas  valuta
megis-oe.a_1100,account.data_account_type_cash,Regular,False,False,megis-oe.a_10,1100,ABN-AMRO bank
megis-oe.a_1110,account.data_account_type_cash,Regular,False,False,megis-oe.a_10,1110,RABO bank
megis-oe.a_1200,account.data_account_type_cash,Regular,False,False,megis-oe.a_10,1200,Postbank
megis-oe.a_1298,account.data_account_type_asset,Regular,False,False,megis-oe.a_10,1298,Kruisposten
megis-oe.a_13,account.data_account_type_view,View,False,False,megis-oe.a_1,13,VORDERINGEN
megis-oe.a_130,account.data_account_type_view,View,False,False,megis-oe.a_13,130,DEBITEUREN
megis-oe.a_1300,account.data_account_type_receivable,Receivable,True,False,megis-oe.a_130,1300,Debiteuren
megis-oe.a_1350,account.data_account_type_asset,Regular,False,False,megis-oe.a_130,1350,Dubieuze debiteuren
megis-oe.a_1360,account.data_account_type_asset,Regular,False,False,megis-oe.a_130,1360,Voorziening dubieuze debiteuren
megis-oe.a_140,account.data_account_type_view,View,False,False,megis-oe.a_13,140,OVERIGE VORDERINGEN
megis-oe.a_1410,account.data_account_type_asset,Regular,False,False,megis-oe.a_140,1410,Voorschotten personeel
megis-oe.a_1420,account.data_account_type_asset,Regular,False,False,megis-oe.a_140,1420,Rekening-courant directie
megis-oe.a_1450,account.data_account_type_asset,Regular,False,False,megis-oe.a_140,1450,Vooruitbetaalde kosten
megis-oe.a_1455,account.data_account_type_asset,Regular,False,False,megis-oe.a_140,1455,Te ontvangen ziekengeld
megis-oe.a_1460,account.data_account_type_asset,Regular,False,False,megis-oe.a_140,1460,Rek.crt. Eurogroup Consulting B.V.
megis-oe.a_1461,account.data_account_type_asset,Regular,False,False,megis-oe.a_140,1461,Rek.crt. Magnus Technology Consultants B.V. 
megis-oe.a_1462,account.data_account_type_asset,Regular,False,False,megis-oe.a_140,1462,Rek.crt. Magnus Technology Solutions B.V. 
megis-oe.a_1463,account.data_account_type_asset,Regular,False,False,megis-oe.a_140,1463,Rek.crt. bQuind B.V.
megis-oe.a_1490,account.data_account_type_asset,Regular,False,False,megis-oe.a_140,1490,Overige vorderingen
megis-oe.a_15,account.data_account_type_view,View,False,False,megis-oe.a_1,15,KORTLOPENDE SCHULDEN
megis-oe.a_150,account.data_account_type_view,View,False,False,megis-oe.a_15,150,CREDITEUREN
megis-oe.a_1500,account.data_account_type_payable,Payable,True,False,megis-oe.a_150,1500,Crediteuren
megis-oe.a_1510,account.data_account_type_liability,Regular,True,False,megis-oe.a_150,1510,Personeels Crediteuren
megis-oe.a_160,account.data_account_type_view,View,False,False,megis-oe.a_15,160,OMZETBELASTING
megis-oe.vat_payable_low,megis-oe.user_type_tax,Regular,False,False,megis-oe.a_160,1601,Btw af te dragen laag
megis-oe.vat_payable_high,megis-oe.user_type_tax,Regular,False,False,megis-oe.a_160,1602,Btw af te dragen hoog
megis-oe.vat_payable0,megis-oe.user_type_tax,Regular,False,False,megis-oe.a_160,1603,Btw af te dragen overig
megis-oe.vat_refund_low,megis-oe.user_type_tax,Regular,False,False,megis-oe.a_160,1611,Btw te vorderen laag
megis-oe.vat_refund_high,megis-oe.user_type_tax,Regular,False,False,megis-oe.a_160,1612,Btw te vorderen hoog
megis-oe.vat_refund0,megis-oe.user_type_tax,Regular,False,False,megis-oe.a_160,1613,Btw te vorderen overig
megis-oe.a_1620,megis-oe.user_type_tax,Regular,False,False,megis-oe.a_160,1620,Btw-afdracht
megis-oe.a_1625,megis-oe.user_type_tax,Regular,False,False,megis-oe.a_160,1625,Btw oude jaren
megis-oe.vat_payable_verlegd,megis-oe.user_type_tax,Regular,False,False,megis-oe.a_160,1631,Af te dragen Btw-verlegd
megis-oe.vat_refund_verlegd,megis-oe.user_type_tax,Regular,False,False,megis-oe.a_160,1632,Te vorderen Btw-verlegd
megis-oe.a_165,account.data_account_type_view,View,False,False,megis-oe.a_15,165,BELASTINGEN
megis-oe.a_1660,account.data_account_type_liability,Regular,False,False,megis-oe.a_165,1660,Loonheffing
megis-oe.a_1665,account.data_account_type_liability,Regular,False,False,megis-oe.a_165,1665,Afdracht loonheffing
megis-oe.a_1670,account.data_account_type_liability,Regular,False,False,megis-oe.a_165,1670,Vennootschapsbelasting
megis-oe.a_1675,account.data_account_type_liability,Regular,False,False,megis-oe.a_165,1675,Dividendbelasting
megis-oe.a_1677,account.data_account_type_liability,Regular,False,False,megis-oe.a_165,1677,Investeringsaftrek
megis-oe.a_170,account.data_account_type_view,View,False,False,megis-oe.a_15,170,LONEN EN SOCIALE LASTEN
megis-oe.a_1700,account.data_account_type_liability,Regular,False,False,megis-oe.a_170,1700,Netto lonen
megis-oe.a_1705,account.data_account_type_liability,Regular,False,False,megis-oe.a_170,1705,Reservering vakantiegeld
megis-oe.a_1710,account.data_account_type_liability,Regular,False,False,megis-oe.a_170,1710,Reservering vakantiedagen
megis-oe.a_1715,account.data_account_type_liability,Regular,False,False,megis-oe.a_170,1715,Reservering bonus
megis-oe.a_1720,account.data_account_type_liability,Regular,False,False,megis-oe.a_170,1720,Lening personeel
megis-oe.a_1725,account.data_account_type_liability,Regular,False,False,megis-oe.a_170,1725,Pensioenpremies
megis-oe.a_1730,account.data_account_type_liability,Regular,False,False,megis-oe.a_170,1730,Te betalen WIA/exedent premie
megis-oe.a_1735,account.data_account_type_liability,Regular,False,False,megis-oe.a_170,1735,Te betalen overlijdensrisico verzekering
megis-oe.a_1740,account.data_account_type_liability,Regular,False,False,megis-oe.a_170,1740,Te betalen ziektekostenverzekering
megis-oe.a_1745,account.data_account_type_liability,Regular,False,False,megis-oe.a_170,1745,Te verrekenen telefoonkosten
megis-oe.a_1750,account.data_account_type_liability,Regular,False,False,megis-oe.a_170,1750,Bedrijfsfitness
megis-oe.a_180,account.data_account_type_view,View,False,False,megis-oe.a_15,180,OVERLOPENDE POSTEN
megis-oe.a_1800,account.data_account_type_liability,Regular,False,False,megis-oe.a_180,1800,Vooruit gefactureerde bedragen
megis-oe.a_1810,account.data_account_type_liability,Regular,False,False,megis-oe.a_180,1810,Te betalen autokosten
megis-oe.a_1820,account.data_account_type_liability,Regular,False,False,megis-oe.a_180,1820,Te betalen accountantskosten
megis-oe.a_1830,account.data_account_type_liability,Regular,False,False,megis-oe.a_180,1830,Te betalen rente
megis-oe.a_1840,account.data_account_type_liability,Regular,False,False,megis-oe.a_180,1840,Te betalen dividend
megis-oe.a_1850,account.data_account_type_liability,Regular,False,False,megis-oe.a_180,1850,Vooruit ontvangen bedragen
megis-oe.a_1860,account.data_account_type_liability,Regular,False,False,megis-oe.a_180,1860,Overige te betalen posten
megis-oe.a_2000,account.data_account_type_cash,Regular,False,False,megis-oe.a_2,2000,Netto lonen
megis-oe.a_2100,account.data_account_type_cash,Regular,False,False,megis-oe.a_2,2100,Tussenrekening balans
megis-oe.a_2110,account.data_account_type_cash,Regular,False,False,megis-oe.a_2,2110,Tussenrek. autom. betalingen
megis-oe.a_2120,account.data_account_type_cash,Regular,False,False,megis-oe.a_2,2120,Tussenrek. autom. loonbetalingen
megis-oe.a_2240,account.data_account_type_cash,Regular,False,False,megis-oe.a_2,2240,Tussenrekening correcties
megis-oe.a_2500,account.data_account_type_cash,Regular,False,False,megis-oe.a_2,2500,Vraagposten
megis-oe.a_3200,account.data_account_type_cash,Regular,False,False,megis-oe.a_3,3200,Onderhanden werk
megis-oe.a_40,account.data_account_type_view,View,False,False,megis-oe.a_4,40,PERSONEELSKOSTEN
megis-oe.a_4000,account.data_account_type_expense,Regular,False,False,megis-oe.a_40,4000,Lonen en salarissen
megis-oe.a_4001,account.data_account_type_expense,Regular,False,False,megis-oe.a_40,4001,Andere salaris componenten
megis-oe.a_4005,account.data_account_type_expense,Regular,False,False,megis-oe.a_40,4005,Vakantiegeld
megis-oe.a_4006,account.data_account_type_expense,Regular,False,False,megis-oe.a_40,4006,Vakantiedagen
megis-oe.a_4007,account.data_account_type_expense,Regular,False,False,megis-oe.a_40,4007,Overwerk
megis-oe.a_4010,account.data_account_type_expense,Regular,False,False,megis-oe.a_40,4010,Bonussen
megis-oe.a_4011,account.data_account_type_expense,Regular,False,False,megis-oe.a_40,4011,Jubileum uitkering
megis-oe.a_4013,account.data_account_type_expense,Regular,False,False,megis-oe.a_40,4013,Bijzondere beloningen
megis-oe.a_4020,account.data_account_type_expense,Regular,False,False,megis-oe.a_40,4020,Uitkering ziekengeld
megis-oe.a_4021,account.data_account_type_expense,Regular,False,False,megis-oe.a_40,4021,Ontvangen subsidie S & O
megis-oe.a_4030,account.data_account_type_expense,Regular,False,False,megis-oe.a_40,4030,Sociale lasten
megis-oe.a_4031,account.data_account_type_expense,Regular,False,False,megis-oe.a_40,4031,Eindheffing loonbelastng
megis-oe.a_4032,account.data_account_type_expense,Regular,False,False,megis-oe.a_40,4032,Pensioenpremies
megis-oe.a_4033,account.data_account_type_expense,Regular,False,False,megis-oe.a_40,4033,Wia / exedent verzekering
megis-oe.a_4034,account.data_account_type_expense,Regular,False,False,megis-oe.a_40,4034,Medische verzekering Werknemer
megis-oe.a_4035,account.data_account_type_expense,Regular,False,False,megis-oe.a_40,4035,Overlijdensrisicoverzekering
megis-oe.a_4036,account.data_account_type_expense,Regular,False,False,megis-oe.a_40,4036,Contractuele kosten vergoeding
megis-oe.a_4040,account.data_account_type_expense,Regular,False,False,megis-oe.a_40,4040,Tijdelijke werknemers
megis-oe.a_4041,account.data_account_type_expense,Regular,False,False,megis-oe.a_40,4041,Uitzendkrachten
megis-oe.a_4045,account.data_account_type_expense,Regular,False,False,megis-oe.a_40,4045,Managementvergoedingen
megis-oe.a_4050,account.data_account_type_expense,Regular,False,False,megis-oe.a_40,4050,Kantinekosten
megis-oe.a_4054,account.data_account_type_expense,Regular,False,False,megis-oe.a_40,4054,Autokostenvergoeding
megis-oe.a_4055,account.data_account_type_expense,Regular,False,False,megis-oe.a_40,4055,Reiskosten
megis-oe.a_4058,account.data_account_type_expense,Regular,False,False,megis-oe.a_40,4058,Belastingvrije uitkeringen
megis-oe.a_4060,account.data_account_type_expense,Regular,False,False,megis-oe.a_40,4060,Wervingskosten personeel
megis-oe.a_4061,account.data_account_type_expense,Regular,False,False,megis-oe.a_40,4061,Opleidingskosten
megis-oe.a_4062,account.data_account_type_expense,Regular,False,False,megis-oe.a_40,4062,Vergoeding studiekosten
megis-oe.a_4063,account.data_account_type_expense,Regular,False,False,megis-oe.a_40,4063,Kosten salarisverwerking
megis-oe.a_4064,account.data_account_type_expense,Regular,False,False,megis-oe.a_40,4064,Arbodienst
megis-oe.a_4065,account.data_account_type_expense,Regular,False,False,megis-oe.a_40,4065,Mobiele telefoonkosten
megis-oe.a_4070,account.data_account_type_expense,Regular,False,False,megis-oe.a_40,4070,Geschenken personeel
megis-oe.a_4080,account.data_account_type_expense,Regular,False,False,megis-oe.a_40,4080,Bedrijfsuitjes/ Jaarlijks Diner
megis-oe.a_4090,account.data_account_type_expense,Regular,False,False,megis-oe.a_40,4090,Overige personeelskosten
megis-oe.a_4099,account.data_account_type_expense,Regular,False,False,megis-oe.a_40,4099,Doorbelaste personeelskosten
megis-oe.a_41,account.data_account_type_view,View,False,False,megis-oe.a_4,41,HUISVESTINGSKOSTEN
megis-oe.a_4100,account.data_account_type_expense,Regular,False,False,megis-oe.a_41,4100,Huur
megis-oe.a_4110,account.data_account_type_expense,Regular,False,False,megis-oe.a_41,4110,Service kosten
megis-oe.a_4115,account.data_account_type_expense,Regular,False,False,megis-oe.a_41,4115,Belastingen onr. Goed
megis-oe.a_4120,account.data_account_type_expense,Regular,False,False,megis-oe.a_41,4120,Energiekosten
megis-oe.a_4125,account.data_account_type_expense,Regular,False,False,megis-oe.a_41,4125,Schoonmaakkosten
megis-oe.a_4130,account.data_account_type_expense,Regular,False,False,megis-oe.a_41,4130,Assurantie onroerend goed
megis-oe.a_4185,account.data_account_type_expense,Regular,False,False,megis-oe.a_41,4185,Ontvangen huren
megis-oe.a_4190,account.data_account_type_expense,Regular,False,False,megis-oe.a_41,4190,Overige huisvestingskosten
megis-oe.a_4199,account.data_account_type_expense,Regular,False,False,megis-oe.a_41,4199,Doorbelaste huisvestingskosten
megis-oe.a_42,account.data_account_type_view,View,False,False,megis-oe.a_4,42,TRAININGSKOSTEN
megis-oe.a_4200,account.data_account_type_expense,Regular,False,False,megis-oe.a_42,4200,Trainingskosten (extern)
megis-oe.a_4201,account.data_account_type_expense,Regular,False,False,megis-oe.a_42,4201,Trainingskosten (intern)
megis-oe.a_4204,account.data_account_type_expense,Regular,False,False,megis-oe.a_42,4204,Seminars (extern)
megis-oe.a_4210,account.data_account_type_expense,Regular,False,False,megis-oe.a_42,4210,Doorbelaste trainingskosten 
megis-oe.a_43,account.data_account_type_view,View,False,False,megis-oe.a_4,43,KANTOORKOSTEN
megis-oe.a_4300,account.data_account_type_expense,Regular,False,False,megis-oe.a_43,4300,Contributies/abonnementen
megis-oe.a_4305,account.data_account_type_expense,Regular,False,False,megis-oe.a_43,4305,Kantoorbenodigdh./drukw.
megis-oe.a_4310,account.data_account_type_expense,Regular,False,False,megis-oe.a_43,4310,Onderhoud kantoorinventaris
megis-oe.a_4311,account.data_account_type_expense,Regular,False,False,megis-oe.a_43,4311,Huur kantoorapparatuur
megis-oe.a_4315,account.data_account_type_expense,Regular,False,False,megis-oe.a_43,4315,Telefoon/telefax
megis-oe.a_4317,account.data_account_type_expense,Regular,False,False,megis-oe.a_43,4317,Internetaansluiting
megis-oe.a_4320,account.data_account_type_expense,Regular,False,False,megis-oe.a_43,4320,Porti
megis-oe.a_4325,account.data_account_type_expense,Regular,False,False,megis-oe.a_43,4325,Administratiekosten
megis-oe.a_4330,account.data_account_type_expense,Regular,False,False,megis-oe.a_43,4330,Softwarekosten
megis-oe.a_4335,account.data_account_type_expense,Regular,False,False,megis-oe.a_43,4335,SAP- Systeemkosten
megis-oe.a_4350,account.data_account_type_expense,Regular,False,False,megis-oe.a_43,4350,Assurantie algemeen
megis-oe.a_4390,account.data_account_type_expense,Regular,False,False,megis-oe.a_43,4390,Overige kantoorkosten
megis-oe.a_4399,account.data_account_type_expense,Regular,False,False,megis-oe.a_43,4399,Doorbelaste kantoorkosten
megis-oe.a_44,account.data_account_type_view,View,False,False,megis-oe.a_4,44,VERVOERSKOSTEN
megis-oe.a_4400,account.data_account_type_expense,Regular,False,False,megis-oe.a_44,4400,Leasekosten auto's
megis-oe.a_4405,account.data_account_type_expense,Regular,False,False,megis-oe.a_44,4405,Onderhoud auto's
megis-oe.a_4410,account.data_account_type_expense,Regular,False,False,megis-oe.a_44,4410,Brandstoffen auto's
megis-oe.a_4415,account.data_account_type_expense,Regular,False,False,megis-oe.a_44,4415,Assuranties auto's
megis-oe.a_4420,account.data_account_type_expense,Regular,False,False,megis-oe.a_44,4420,Wegenbelasting
megis-oe.a_4450,account.data_account_type_expense,Regular,False,False,megis-oe.a_44,4450,Vaste autovergoeding
megis-oe.a_4460,account.data_account_type_expense,Regular,False,False,megis-oe.a_44,4460,Kilometervergoeding
megis-oe.a_4470,account.data_account_type_expense,Regular,False,False,megis-oe.a_44,4470,Eigen bijdrage auto's
megis-oe.a_4480,account.data_account_type_expense,Regular,False,False,megis-oe.a_44,4480,Priv√©-gebruik auto's
megis-oe.a_4490,account.data_account_type_expense,Regular,False,False,megis-oe.a_44,4490,Overige vervoerskosten
megis-oe.a_4499,account.data_account_type_expense,Regular,False,False,megis-oe.a_44,4499,Doorbelaste autokosten
megis-oe.a_45,account.data_account_type_view,View,False,False,megis-oe.a_4,45,MARKETINGKOSTEN
megis-oe.a_4517,account.data_account_type_expense,Regular,False,False,megis-oe.a_45,4517,Relatiegeschenken
megis-oe.a_4530,account.data_account_type_expense,Regular,False,False,megis-oe.a_45,4530,Reclame
megis-oe.a_4535,account.data_account_type_expense,Regular,False,False,megis-oe.a_45,4535,Advertenties
megis-oe.a_4540,account.data_account_type_expense,Regular,False,False,megis-oe.a_45,4540,Beurskosten
megis-oe.a_4550,account.data_account_type_expense,Regular,False,False,megis-oe.a_45,4550,Websitekosten
megis-oe.a_4560,account.data_account_type_expense,Regular,False,False,megis-oe.a_45,4560,Seminars (intern) Magnutude
megis-oe.a_4570,account.data_account_type_expense,Regular,False,False,megis-oe.a_45,4570,Marketing advieskosten
megis-oe.a_4580,account.data_account_type_expense,Regular,False,False,megis-oe.a_45,4580,MTEC
megis-oe.a_4590,account.data_account_type_expense,Regular,False,False,megis-oe.a_45,4590,Overige marketing/verkoopkosten
megis-oe.a_4599,account.data_account_type_expense,Regular,False,False,megis-oe.a_45,4599,Doorbelaste marketingkosten
megis-oe.a_46,account.data_account_type_view,View,False,False,megis-oe.a_4,46,ALGEMENE KOSTEN
megis-oe.a_4600,account.data_account_type_expense,Regular,False,False,megis-oe.a_46,4600,Accountantskosten
megis-oe.a_4605,account.data_account_type_expense,Regular,False,False,megis-oe.a_46,4605,Advieskosten
megis-oe.a_4610,account.data_account_type_expense,Regular,False,False,megis-oe.a_46,4610,Juridische kosten
megis-oe.a_4620,account.data_account_type_expense,Regular,False,False,megis-oe.a_46,4620,Assuranties
megis-oe.a_4630,account.data_account_type_expense,Regular,False,False,megis-oe.a_46,4630,Vergaderkosten
megis-oe.a_4650,account.data_account_type_expense,Regular,False,False,megis-oe.a_46,4650,Afschrijving dubieuze debiteuren
megis-oe.a_4660,account.data_account_type_expense,Regular,False,False,megis-oe.a_46,4660,Overige algemene kosten
megis-oe.a_465,account.data_account_type_view,View,False,False,megis-oe.a_46,465,REIS EN VERBLIJFSKOSTEN
megis-oe.a_4680,account.data_account_type_expense,Regular,False,False,megis-oe.a_465,4680,Reis en verblijfkosten
megis-oe.a_4695,account.data_account_type_expense,Regular,False,False,megis-oe.a_465,4695,Representatiekosten
megis-oe.a_47,account.data_account_type_view,View,False,False,megis-oe.a_4,47,FINANCIERINGSKOSTEN
megis-oe.a_4700,account.data_account_type_expense,Regular,False,False,megis-oe.a_47,4700,Bankkosten
megis-oe.a_4710,account.data_account_type_expense,Regular,False,False,megis-oe.a_47,4710,Rente bankkrediet
megis-oe.a_4715,account.data_account_type_expense,Regular,False,False,megis-oe.a_47,4715,Kosten belastingdienst
megis-oe.a_4720,account.data_account_type_expense,Regular,False,False,megis-oe.a_47,4720,Rente leasecontracten
megis-oe.a_4730,account.data_account_type_expense,Regular,False,False,megis-oe.a_47,4730,Rente huurkoopcontracten
megis-oe.a_4750,account.data_account_type_expense,Regular,False,False,megis-oe.a_47,4750,Rente lening u/g
megis-oe.a_4755,account.data_account_type_expense,Regular,False,False,megis-oe.a_47,4755,Rente lening o/g
megis-oe.a_4790,account.data_account_type_expense,Regular,False,False,megis-oe.a_47,4790,Overige rentelasten
megis-oe.a_4795,account.data_account_type_expense,Regular,False,False,megis-oe.a_47,4795,Overige rentebaten
megis-oe.a_48,account.data_account_type_view,View,False,False,megis-oe.a_4,48,AFSCHRIJVINGEN
megis-oe.a_4800,account.data_account_type_expense,Regular,False,False,megis-oe.a_48,4800,Afschr.kosten Goodwill
megis-oe.a_4810,account.data_account_type_expense,Regular,False,False,megis-oe.a_48,4810,Afschr.kosten Verbouwingen
megis-oe.a_4820,account.data_account_type_expense,Regular,False,False,megis-oe.a_48,4820,Afschr.kosten Software
megis-oe.a_4830,account.data_account_type_expense,Regular,False,False,megis-oe.a_48,4830,Afschr.kosten Hardware
megis-oe.a_4840,account.data_account_type_expense,Regular,False,False,megis-oe.a_48,4840,Afschr.kosten Inventaris
megis-oe.a_4850,account.data_account_type_expense,Regular,False,False,megis-oe.a_48,4850,Afschr.kosten Vervoermiddelen
megis-oe.a_49,account.data_account_type_view,View,False,False,megis-oe.a_4,49,OVERIGE BATEN EN LASTEN
megis-oe.a_4900,account.data_account_type_expense,Regular,False,False,megis-oe.a_49,4900,Boekwinst van vaste activa
megis-oe.a_4910,account.data_account_type_expense,Regular,False,False,megis-oe.a_49,4910,Ontvangen schadevergoed.
megis-oe.a_4915,account.data_account_type_expense,Regular,False,False,megis-oe.a_49,4915,Voordelige koersverschil.
megis-oe.a_4948,account.data_account_type_expense,Regular,False,False,megis-oe.a_49,4948,Overige baten
megis-oe.a_4950,account.data_account_type_expense,Regular,False,False,megis-oe.a_49,4950,Boekverlies vaste activa
megis-oe.a_4955,account.data_account_type_expense,Regular,False,False,megis-oe.a_49,4955,Kosten omzetbelasting
megis-oe.a_4960,account.data_account_type_expense,Regular,False,False,megis-oe.a_49,4960,Kosten loonbelasting
megis-oe.a_4970,account.data_account_type_expense,Regular,False,False,megis-oe.a_49,4970,Betaalde schadevergoed.
megis-oe.a_4975,account.data_account_type_expense,Regular,False,False,megis-oe.a_49,4975,Nadelige koersverschillen
megis-oe.a_4980,account.data_account_type_expense,Regular,False,False,megis-oe.a_49,4980,Kasverschillen
megis-oe.a_4998,account.data_account_type_expense,Regular,False,False,megis-oe.a_49,4998,Overige lasten
megis-oe.a_7000,account.data_account_type_expense,Regular,False,False,megis-oe.a_7,7000,Inkoop subcontractors (intern) 
megis-oe.a_7001,account.data_account_type_expense,Regular,False,False,megis-oe.a_7,7001,Inkoop subcontractors (extern) 
megis-oe.a_7010,account.data_account_type_expense,Regular,False,False,megis-oe.a_7,7010,Inkoop hard-/software
megis-oe.a_7015,account.data_account_type_expense,Regular,False,False,megis-oe.a_7,7015,Inkoop subcontractors EU
megis-oe.a_7016,account.data_account_type_expense,Regular,False,False,megis-oe.a_7,7016,Inkoop hard-/software EU
megis-oe.a_7018,account.data_account_type_expense,Regular,False,False,megis-oe.a_7,7018,Inkoop import subcontractors buiten EU
megis-oe.a_7019,account.data_account_type_expense,Regular,False,False,megis-oe.a_7,7019,Inkoop import hard-/software buiten EU
megis-oe.a_7020,account.data_account_type_expense,Regular,False,False,megis-oe.a_7,7020,Project gerelateerde kosten
megis-oe.a_80,account.data_account_type_view,View,False,False,megis-oe.a_8,80,OMZET INTERCOMPANY
megis-oe.a_8000,account.data_account_type_income,Regular,False,False,megis-oe.a_80,8000,Omzet intercompany
megis-oe.a_81,account.data_account_type_view,View,False,False,megis-oe.a_8,81,OMZET DERDEN
megis-oe.a_8100,account.data_account_type_income,Regular,False,False,megis-oe.a_81,8100,Omzet consultants uren
megis-oe.a_8110,account.data_account_type_income,Regular,False,False,megis-oe.a_81,8110,Omzet hard-/software
megis-oe.a_8120,account.data_account_type_income,Regular,False,False,megis-oe.a_81,8120,Omzet doorberekende kosten
megis-oe.a_8121,account.data_account_type_income,Regular,False,False,megis-oe.a_81,8121,Omzet kilometervergoeding
megis-oe.a_8130,account.data_account_type_income,Regular,False,False,megis-oe.a_81,8130,Omzet consultants uren 0% EU
megis-oe.a_8140,account.data_account_type_income,Regular,False,False,megis-oe.a_81,8140,Omzet hard-/software 0% EU
megis-oe.a_8150,account.data_account_type_income,Regular,False,False,megis-oe.a_81,8150,Omzet doorberekende kosten 0% EU
megis-oe.a_8151,account.data_account_type_income,Regular,False,False,megis-oe.a_81,8151,Omzet kilometervergoeding 0% EU
megis-oe.a_8160,account.data_account_type_income,Regular,False,False,megis-oe.a_81,8160,Omzet consultants uren niet-EU
megis-oe.a_8170,account.data_account_type_income,Regular,False,False,megis-oe.a_81,8170,Omzet hard-/software niet-EU
megis-oe.a_8180,account.data_account_type_income,Regular,False,False,megis-oe.a_81,8180,Omzet doorberekende kosten niet-EU
megis-oe.a_8181,account.data_account_type_income,Regular,False,False,megis-oe.a_81,8181,Omzet kilometervergoeding niet-EU
megis-oe.a_9010,account.data_account_type_income,Regular,False,False,megis-oe.a_9,9010,Winst bij verkoop deelnem.
megis-oe.a_9100,account.data_account_type_expense,Regular,False,False,megis-oe.a_9,9100,Voorz. Verlies deelnem.
megis-oe.a_9110,account.data_account_type_expense,Regular,False,False,megis-oe.a_9,9110,Verlies verkoop deelnem.
megis-oe.a_9150,account.data_account_type_expense,Regular,False,False,megis-oe.a_9,9150,Reorganisatiekosten
megis-oe.a_9900,account.data_account_type_income,Regular,False,False,megis-oe.a_9,9900,Vpb normaal resultaat
megis-oe.a_9950,account.data_account_type_income,Regular,False,False,megis-oe.a_9,9950,Vpb bijzonder resultaat
megis-oe.a_9990,account.data_account_type_cash,Regular,False,False,megis-oe.a_9,9990,Memoriaal
megis-oe.a_9999,account.data_account_type_income,Regular,False,False,megis-oe.a_9,9999,Winst
